﻿<?xml version="1.0" encoding="utf-8"?>
<TextureAtlas imagePath="BoyFriend_Assets.png">
	<!-- Created with Adobe Animate version 22.0.5.191 -->
	<!-- http://www.adobe.com/products/animate.html -->
	<SubTexture name="BF idle DOWN0000" x="0" y="0" width="374" height="357" frameX="-1" frameY="-5" frameWidth="375" frameHeight="362"/>
	<SubTexture name="BF idle DOWN0001" x="0" y="0" width="374" height="357" frameX="-1" frameY="-5" frameWidth="375" frameHeight="362"/>
	<SubTexture name="BF idle DOWN0002" x="374" y="0" width="373" height="362" frameX="0" frameY="0" frameWidth="375" frameHeight="362"/>
	<SubTexture name="BF idle DOWN0003" x="374" y="0" width="373" height="362" frameX="0" frameY="0" frameWidth="375" frameHeight="362"/>
	<SubTexture name="BF idle DOWN0004" x="374" y="0" width="373" height="362" frameX="0" frameY="0" frameWidth="375" frameHeight="362"/>
	<SubTexture name="BF idle DOWN0005" x="374" y="0" width="373" height="362" frameX="0" frameY="0" frameWidth="375" frameHeight="362"/>
	<SubTexture name="BF idle DOWN0006" x="374" y="0" width="373" height="362" frameX="0" frameY="0" frameWidth="375" frameHeight="362"/>
	<SubTexture name="BF idle DOWN0007" x="374" y="0" width="373" height="362" frameX="0" frameY="0" frameWidth="375" frameHeight="362"/>
	<SubTexture name="BF idle DOWN0008" x="374" y="0" width="373" height="362" frameX="0" frameY="0" frameWidth="375" frameHeight="362"/>
	<SubTexture name="BF idle DOWN0009" x="374" y="0" width="373" height="362" frameX="0" frameY="0" frameWidth="375" frameHeight="362"/>
	<SubTexture name="BF idle DOWN0010" x="374" y="0" width="373" height="362" frameX="0" frameY="0" frameWidth="375" frameHeight="362"/>
	<SubTexture name="BF idle DOWN0011" x="374" y="0" width="373" height="362" frameX="0" frameY="0" frameWidth="375" frameHeight="362"/>
	<SubTexture name="BF idle DOWN0012" x="374" y="0" width="373" height="362" frameX="0" frameY="0" frameWidth="375" frameHeight="362"/>
	<SubTexture name="BF idle DOWN0013" x="374" y="0" width="373" height="362" frameX="0" frameY="0" frameWidth="375" frameHeight="362"/>
	<SubTexture name="BF idle DOWN0014" x="374" y="0" width="373" height="362" frameX="0" frameY="0" frameWidth="375" frameHeight="362"/>
	<SubTexture name="BF idle DOWN0015" x="374" y="0" width="373" height="362" frameX="0" frameY="0" frameWidth="375" frameHeight="362"/>
	<SubTexture name="BF idle DOWN0016" x="374" y="0" width="373" height="362" frameX="0" frameY="0" frameWidth="375" frameHeight="362"/>
	<SubTexture name="BF idle DOWN0017" x="374" y="0" width="373" height="362" frameX="0" frameY="0" frameWidth="375" frameHeight="362"/>
	<SubTexture name="BF idle DOWN0018" x="374" y="0" width="373" height="362" frameX="0" frameY="0" frameWidth="375" frameHeight="362"/>
	<SubTexture name="BF idle DOWN0019" x="374" y="0" width="373" height="362" frameX="0" frameY="0" frameWidth="375" frameHeight="362"/>
	<SubTexture name="BF idle DOWN0020" x="374" y="0" width="373" height="362" frameX="0" frameY="0" frameWidth="375" frameHeight="362"/>
	<SubTexture name="BF idle DOWN0021" x="374" y="0" width="373" height="362" frameX="0" frameY="0" frameWidth="375" frameHeight="362"/>
	<SubTexture name="BF idle DOWN0022" x="374" y="0" width="373" height="362" frameX="0" frameY="0" frameWidth="375" frameHeight="362"/>
	<SubTexture name="BF idle DOWN0023" x="374" y="0" width="373" height="362" frameX="0" frameY="0" frameWidth="375" frameHeight="362"/>
	<SubTexture name="BF idle DOWN0024" x="374" y="0" width="373" height="362" frameX="0" frameY="0" frameWidth="375" frameHeight="362"/>
	<SubTexture name="BF idle DOWN0025" x="374" y="0" width="373" height="362" frameX="0" frameY="0" frameWidth="375" frameHeight="362"/>
	<SubTexture name="BF idle DOWN0026" x="374" y="0" width="373" height="362" frameX="0" frameY="0" frameWidth="375" frameHeight="362"/>
	<SubTexture name="BF idle DOWN0027" x="374" y="0" width="373" height="362" frameX="0" frameY="0" frameWidth="375" frameHeight="362"/>
	<SubTexture name="BF idle DOWN0028" x="374" y="0" width="373" height="362" frameX="0" frameY="0" frameWidth="375" frameHeight="362"/>
	<SubTexture name="BF idle DOWN0029" x="374" y="0" width="373" height="362" frameX="0" frameY="0" frameWidth="375" frameHeight="362"/>
	<SubTexture name="BF idle DOWN MISS0000" x="0" y="0" width="374" height="357" frameX="-1" frameY="-35" frameWidth="375" frameHeight="362"/>
	<SubTexture name="BF idle DOWN MISS0001" x="747" y="0" width="376" height="392" frameX="-1" frameY="0" frameWidth="378" frameHeight="392"/>
	<SubTexture name="BF idle DOWN MISS0002" x="747" y="0" width="376" height="392" frameX="-1" frameY="0" frameWidth="378" frameHeight="392"/>
	<SubTexture name="BF idle DOWN MISS0003" x="1123" y="0" width="378" height="388" frameX="0" frameY="-4" frameWidth="378" frameHeight="392"/>
	<SubTexture name="BF idle DOWN MISS0004" x="1123" y="0" width="378" height="388" frameX="0" frameY="-4" frameWidth="378" frameHeight="392"/>
	<SubTexture name="BF idle DOWN MISS0005" x="1123" y="0" width="378" height="388" frameX="0" frameY="-4" frameWidth="378" frameHeight="392"/>
	<SubTexture name="BF idle DOWN MISS0006" x="1123" y="0" width="378" height="388" frameX="0" frameY="-4" frameWidth="378" frameHeight="392"/>
	<SubTexture name="BF idle DOWN MISS0007" x="1123" y="0" width="378" height="388" frameX="0" frameY="-4" frameWidth="378" frameHeight="392"/>
	<SubTexture name="BF idle DOWN MISS0008" x="1123" y="0" width="378" height="388" frameX="0" frameY="-4" frameWidth="378" frameHeight="392"/>
	<SubTexture name="BF idle DOWN MISS0009" x="1123" y="0" width="378" height="388" frameX="0" frameY="-4" frameWidth="378" frameHeight="392"/>
	<SubTexture name="BF idle DOWN MISS0010" x="1123" y="0" width="378" height="388" frameX="0" frameY="-4" frameWidth="378" frameHeight="392"/>
	<SubTexture name="BF idle DOWN MISS0011" x="1123" y="0" width="378" height="388" frameX="0" frameY="-4" frameWidth="378" frameHeight="392"/>
	<SubTexture name="BF idle DOWN MISS0012" x="1123" y="0" width="378" height="388" frameX="0" frameY="-4" frameWidth="378" frameHeight="392"/>
	<SubTexture name="BF idle DOWN MISS0013" x="1123" y="0" width="378" height="388" frameX="0" frameY="-4" frameWidth="378" frameHeight="392"/>
	<SubTexture name="BF idle DOWN MISS0014" x="1123" y="0" width="378" height="388" frameX="0" frameY="-4" frameWidth="378" frameHeight="392"/>
	<SubTexture name="BF idle DOWN MISS0015" x="1123" y="0" width="378" height="388" frameX="0" frameY="-4" frameWidth="378" frameHeight="392"/>
	<SubTexture name="BF idle DOWN MISS0016" x="1123" y="0" width="378" height="388" frameX="0" frameY="-4" frameWidth="378" frameHeight="392"/>
	<SubTexture name="BF idle DOWN MISS0017" x="1123" y="0" width="378" height="388" frameX="0" frameY="-4" frameWidth="378" frameHeight="392"/>
	<SubTexture name="BF idle DOWN MISS0018" x="1123" y="0" width="378" height="388" frameX="0" frameY="-4" frameWidth="378" frameHeight="392"/>
	<SubTexture name="BF idle DOWN MISS0019" x="1123" y="0" width="378" height="388" frameX="0" frameY="-4" frameWidth="378" frameHeight="392"/>
	<SubTexture name="BF idle DOWN MISS0020" x="1123" y="0" width="378" height="388" frameX="0" frameY="-4" frameWidth="378" frameHeight="392"/>
	<SubTexture name="BF idle DOWN MISS0021" x="1123" y="0" width="378" height="388" frameX="0" frameY="-4" frameWidth="378" frameHeight="392"/>
	<SubTexture name="BF idle DOWN MISS0022" x="1123" y="0" width="378" height="388" frameX="0" frameY="-4" frameWidth="378" frameHeight="392"/>
	<SubTexture name="BF idle DOWN MISS0023" x="1123" y="0" width="378" height="388" frameX="0" frameY="-4" frameWidth="378" frameHeight="392"/>
	<SubTexture name="BF idle DOWN MISS0024" x="1123" y="0" width="378" height="388" frameX="0" frameY="-4" frameWidth="378" frameHeight="392"/>
	<SubTexture name="BF idle DOWN MISS0025" x="1123" y="0" width="378" height="388" frameX="0" frameY="-4" frameWidth="378" frameHeight="392"/>
	<SubTexture name="BF idle DOWN MISS0026" x="1123" y="0" width="378" height="388" frameX="0" frameY="-4" frameWidth="378" frameHeight="392"/>
	<SubTexture name="BF idle DOWN MISS0027" x="1123" y="0" width="378" height="388" frameX="0" frameY="-4" frameWidth="378" frameHeight="392"/>
	<SubTexture name="BF idle DOWN MISS0028" x="1123" y="0" width="378" height="388" frameX="0" frameY="-4" frameWidth="378" frameHeight="392"/>
	<SubTexture name="BF idle HEY!!0000" x="1501" y="0" width="395" height="416" frameX="0" frameY="0" frameWidth="415" frameHeight="418"/>
	<SubTexture name="BF idle HEY!!0001" x="1501" y="0" width="395" height="416" frameX="0" frameY="0" frameWidth="415" frameHeight="418"/>
	<SubTexture name="BF idle HEY!!0002" x="1896" y="0" width="413" height="410" frameX="-1" frameY="-8" frameWidth="415" frameHeight="418"/>
	<SubTexture name="BF idle HEY!!0003" x="1896" y="0" width="413" height="410" frameX="-1" frameY="-8" frameWidth="415" frameHeight="418"/>
	<SubTexture name="BF idle HEY!!0004" x="2309" y="0" width="414" height="412" frameX="-1" frameY="-6" frameWidth="415" frameHeight="418"/>
	<SubTexture name="BF idle HEY!!0005" x="2309" y="0" width="414" height="412" frameX="-1" frameY="-6" frameWidth="415" frameHeight="418"/>
	<SubTexture name="BF idle HEY!!0006" x="2309" y="0" width="414" height="412" frameX="-1" frameY="-6" frameWidth="415" frameHeight="418"/>
	<SubTexture name="BF idle HEY!!0007" x="2309" y="0" width="414" height="412" frameX="-1" frameY="-6" frameWidth="415" frameHeight="418"/>
	<SubTexture name="BF idle HEY!!0008" x="2309" y="0" width="414" height="412" frameX="-1" frameY="-6" frameWidth="415" frameHeight="418"/>
	<SubTexture name="BF idle HEY!!0009" x="2309" y="0" width="414" height="412" frameX="-1" frameY="-6" frameWidth="415" frameHeight="418"/>
	<SubTexture name="BF idle HEY!!0010" x="2309" y="0" width="414" height="412" frameX="-1" frameY="-6" frameWidth="415" frameHeight="418"/>
	<SubTexture name="BF idle HEY!!0011" x="2309" y="0" width="414" height="412" frameX="-1" frameY="-6" frameWidth="415" frameHeight="418"/>
	<SubTexture name="BF idle HEY!!0012" x="2309" y="0" width="414" height="412" frameX="-1" frameY="-6" frameWidth="415" frameHeight="418"/>
	<SubTexture name="BF idle HEY!!0013" x="2309" y="0" width="414" height="412" frameX="-1" frameY="-6" frameWidth="415" frameHeight="418"/>
	<SubTexture name="BF idle HEY!!0014" x="2309" y="0" width="414" height="412" frameX="-1" frameY="-6" frameWidth="415" frameHeight="418"/>
	<SubTexture name="BF idle HEY!!0015" x="2309" y="0" width="414" height="412" frameX="-1" frameY="-6" frameWidth="415" frameHeight="418"/>
	<SubTexture name="BF idle HEY!!0016" x="2309" y="0" width="414" height="412" frameX="-1" frameY="-6" frameWidth="415" frameHeight="418"/>
	<SubTexture name="BF idle HEY!!0017" x="2309" y="0" width="414" height="412" frameX="-1" frameY="-6" frameWidth="415" frameHeight="418"/>
	<SubTexture name="BF idle HEY!!0018" x="2309" y="0" width="414" height="412" frameX="-1" frameY="-6" frameWidth="415" frameHeight="418"/>
	<SubTexture name="BF idle HEY!!0019" x="2309" y="0" width="414" height="412" frameX="-1" frameY="-6" frameWidth="415" frameHeight="418"/>
	<SubTexture name="BF idle HEY!!0020" x="2309" y="0" width="414" height="412" frameX="-1" frameY="-6" frameWidth="415" frameHeight="418"/>
	<SubTexture name="BF idle HEY!!0021" x="2309" y="0" width="414" height="412" frameX="-1" frameY="-6" frameWidth="415" frameHeight="418"/>
	<SubTexture name="BF idle HEY!!0022" x="2309" y="0" width="414" height="412" frameX="-1" frameY="-6" frameWidth="415" frameHeight="418"/>
	<SubTexture name="BF idle HEY!!0023" x="2309" y="0" width="414" height="412" frameX="-1" frameY="-6" frameWidth="415" frameHeight="418"/>
	<SubTexture name="BF idle HEY!!0024" x="2309" y="0" width="414" height="412" frameX="-1" frameY="-6" frameWidth="415" frameHeight="418"/>
	<SubTexture name="BF idle HEY!!0025" x="2309" y="0" width="414" height="412" frameX="-1" frameY="-6" frameWidth="415" frameHeight="418"/>
	<SubTexture name="BF idle LEFT0000" x="2723" y="0" width="383" height="406" frameX="0" frameY="0" frameWidth="385" frameHeight="406"/>
	<SubTexture name="BF idle LEFT0001" x="2723" y="0" width="383" height="406" frameX="0" frameY="0" frameWidth="385" frameHeight="406"/>
	<SubTexture name="BF idle LEFT0002" x="3106" y="0" width="374" height="404" frameX="-11" frameY="-2" frameWidth="385" frameHeight="406"/>
	<SubTexture name="BF idle LEFT0003" x="3106" y="0" width="374" height="404" frameX="-11" frameY="-2" frameWidth="385" frameHeight="406"/>
	<SubTexture name="BF idle LEFT0004" x="3106" y="0" width="374" height="404" frameX="-11" frameY="-2" frameWidth="385" frameHeight="406"/>
	<SubTexture name="BF idle LEFT0005" x="3106" y="0" width="374" height="404" frameX="-11" frameY="-2" frameWidth="385" frameHeight="406"/>
	<SubTexture name="BF idle LEFT0006" x="3106" y="0" width="374" height="404" frameX="-11" frameY="-2" frameWidth="385" frameHeight="406"/>
	<SubTexture name="BF idle LEFT0007" x="3106" y="0" width="374" height="404" frameX="-11" frameY="-2" frameWidth="385" frameHeight="406"/>
	<SubTexture name="BF idle LEFT0008" x="3106" y="0" width="374" height="404" frameX="-11" frameY="-2" frameWidth="385" frameHeight="406"/>
	<SubTexture name="BF idle LEFT0009" x="3106" y="0" width="374" height="404" frameX="-11" frameY="-2" frameWidth="385" frameHeight="406"/>
	<SubTexture name="BF idle LEFT0010" x="3106" y="0" width="374" height="404" frameX="-11" frameY="-2" frameWidth="385" frameHeight="406"/>
	<SubTexture name="BF idle LEFT0011" x="3106" y="0" width="374" height="404" frameX="-11" frameY="-2" frameWidth="385" frameHeight="406"/>
	<SubTexture name="BF idle LEFT0012" x="3106" y="0" width="374" height="404" frameX="-11" frameY="-2" frameWidth="385" frameHeight="406"/>
	<SubTexture name="BF idle LEFT0013" x="3106" y="0" width="374" height="404" frameX="-11" frameY="-2" frameWidth="385" frameHeight="406"/>
	<SubTexture name="BF idle LEFT0014" x="3106" y="0" width="374" height="404" frameX="-11" frameY="-2" frameWidth="385" frameHeight="406"/>
	<SubTexture name="BF idle RIGHT0000" x="3480" y="0" width="408" height="405" frameX="-1" frameY="-2" frameWidth="409" frameHeight="407"/>
	<SubTexture name="BF idle RIGHT0001" x="3480" y="0" width="408" height="405" frameX="-1" frameY="-2" frameWidth="409" frameHeight="407"/>
	<SubTexture name="BF idle RIGHT0002" x="0" y="416" width="408" height="407" frameX="0" frameY="0" frameWidth="409" frameHeight="407"/>
	<SubTexture name="BF idle RIGHT0003" x="0" y="416" width="408" height="407" frameX="0" frameY="0" frameWidth="409" frameHeight="407"/>
	<SubTexture name="BF idle RIGHT0004" x="0" y="416" width="408" height="407" frameX="0" frameY="0" frameWidth="409" frameHeight="407"/>
	<SubTexture name="BF idle RIGHT0005" x="0" y="416" width="408" height="407" frameX="0" frameY="0" frameWidth="409" frameHeight="407"/>
	<SubTexture name="BF idle RIGHT0006" x="0" y="416" width="408" height="407" frameX="0" frameY="0" frameWidth="409" frameHeight="407"/>
	<SubTexture name="BF idle RIGHT0007" x="0" y="416" width="408" height="407" frameX="0" frameY="0" frameWidth="409" frameHeight="407"/>
	<SubTexture name="BF idle RIGHT0008" x="0" y="416" width="408" height="407" frameX="0" frameY="0" frameWidth="409" frameHeight="407"/>
	<SubTexture name="BF idle RIGHT0009" x="0" y="416" width="408" height="407" frameX="0" frameY="0" frameWidth="409" frameHeight="407"/>
	<SubTexture name="BF idle RIGHT0010" x="0" y="416" width="408" height="407" frameX="0" frameY="0" frameWidth="409" frameHeight="407"/>
	<SubTexture name="BF idle RIGHT0011" x="0" y="416" width="408" height="407" frameX="0" frameY="0" frameWidth="409" frameHeight="407"/>
	<SubTexture name="BF idle RIGHT0012" x="0" y="416" width="408" height="407" frameX="0" frameY="0" frameWidth="409" frameHeight="407"/>
	<SubTexture name="BF idle RIGHT0013" x="0" y="416" width="408" height="407" frameX="0" frameY="0" frameWidth="409" frameHeight="407"/>
	<SubTexture name="BF idle RIGHT0014" x="0" y="416" width="408" height="407" frameX="0" frameY="0" frameWidth="409" frameHeight="407"/>
	<SubTexture name="BF idle RIGHT0015" x="0" y="416" width="408" height="407" frameX="0" frameY="0" frameWidth="409" frameHeight="407"/>
	<SubTexture name="BF idle RIGHT0016" x="0" y="416" width="408" height="407" frameX="0" frameY="0" frameWidth="409" frameHeight="407"/>
	<SubTexture name="BF idle RIGHT0017" x="0" y="416" width="408" height="407" frameX="0" frameY="0" frameWidth="409" frameHeight="407"/>
	<SubTexture name="BF idle RIGHT0018" x="0" y="416" width="408" height="407" frameX="0" frameY="0" frameWidth="409" frameHeight="407"/>
	<SubTexture name="BF idle RIGHT0019" x="0" y="416" width="408" height="407" frameX="0" frameY="0" frameWidth="409" frameHeight="407"/>
	<SubTexture name="BF idle RIGHT0020" x="0" y="416" width="408" height="407" frameX="0" frameY="0" frameWidth="409" frameHeight="407"/>
	<SubTexture name="BF idle RIGHT0021" x="0" y="416" width="408" height="407" frameX="0" frameY="0" frameWidth="409" frameHeight="407"/>
	<SubTexture name="BF idle RIGHT0022" x="0" y="416" width="408" height="407" frameX="0" frameY="0" frameWidth="409" frameHeight="407"/>
	<SubTexture name="BF idle RIGHT0023" x="0" y="416" width="408" height="407" frameX="0" frameY="0" frameWidth="409" frameHeight="407"/>
	<SubTexture name="BF idle RIGHT0024" x="0" y="416" width="408" height="407" frameX="0" frameY="0" frameWidth="409" frameHeight="407"/>
	<SubTexture name="BF idle RIGHT0025" x="0" y="416" width="408" height="407" frameX="0" frameY="0" frameWidth="409" frameHeight="407"/>
	<SubTexture name="BF idle RIGHT0026" x="0" y="416" width="408" height="407" frameX="0" frameY="0" frameWidth="409" frameHeight="407"/>
	<SubTexture name="BF idle RIGHT0027" x="0" y="416" width="408" height="407" frameX="0" frameY="0" frameWidth="409" frameHeight="407"/>
	<SubTexture name="BF idle RIGHT0028" x="0" y="416" width="408" height="407" frameX="0" frameY="0" frameWidth="409" frameHeight="407"/>
	<SubTexture name="BF idle RIGHT0029" x="0" y="416" width="408" height="407" frameX="0" frameY="0" frameWidth="409" frameHeight="407"/>
	<SubTexture name="BF idle RIGHT0030" x="0" y="416" width="408" height="407" frameX="0" frameY="0" frameWidth="409" frameHeight="407"/>
	<SubTexture name="BF idle RIGHT0031" x="0" y="416" width="408" height="407" frameX="0" frameY="0" frameWidth="409" frameHeight="407"/>
	<SubTexture name="BF idle RIGHT0032" x="0" y="416" width="408" height="407" frameX="0" frameY="0" frameWidth="409" frameHeight="407"/>
	<SubTexture name="BF idle RIGHT0033" x="0" y="416" width="408" height="407" frameX="0" frameY="0" frameWidth="409" frameHeight="407"/>
	<SubTexture name="BF idle RIGHT0034" x="0" y="416" width="408" height="407" frameX="0" frameY="0" frameWidth="409" frameHeight="407"/>
	<SubTexture name="BF idle RIGHT0035" x="0" y="416" width="408" height="407" frameX="0" frameY="0" frameWidth="409" frameHeight="407"/>
	<SubTexture name="BF idle RIGHT0036" x="0" y="416" width="408" height="407" frameX="0" frameY="0" frameWidth="409" frameHeight="407"/>
	<SubTexture name="BF idle RIGHT0037" x="0" y="416" width="408" height="407" frameX="0" frameY="0" frameWidth="409" frameHeight="407"/>
	<SubTexture name="BF idle RIGHT0038" x="0" y="416" width="408" height="407" frameX="0" frameY="0" frameWidth="409" frameHeight="407"/>
	<SubTexture name="BF idle RIGHT0039" x="0" y="416" width="408" height="407" frameX="0" frameY="0" frameWidth="409" frameHeight="407"/>
	<SubTexture name="BF idle RIGHT0040" x="0" y="416" width="408" height="407" frameX="0" frameY="0" frameWidth="409" frameHeight="407"/>
	<SubTexture name="BF idle RIGHT0041" x="0" y="416" width="408" height="407" frameX="0" frameY="0" frameWidth="409" frameHeight="407"/>
	<SubTexture name="BF idle RIGHT0042" x="0" y="416" width="408" height="407" frameX="0" frameY="0" frameWidth="409" frameHeight="407"/>
	<SubTexture name="BF idle RIGHT0043" x="0" y="416" width="408" height="407" frameX="0" frameY="0" frameWidth="409" frameHeight="407"/>
	<SubTexture name="BF idle RIGHT0044" x="0" y="416" width="408" height="407" frameX="0" frameY="0" frameWidth="409" frameHeight="407"/>
	<SubTexture name="BF idle RIGHT0045" x="0" y="416" width="408" height="407" frameX="0" frameY="0" frameWidth="409" frameHeight="407"/>
	<SubTexture name="BF idle RIGHT0046" x="0" y="416" width="408" height="407" frameX="0" frameY="0" frameWidth="409" frameHeight="407"/>
	<SubTexture name="BF idle RIGHT0047" x="0" y="416" width="408" height="407" frameX="0" frameY="0" frameWidth="409" frameHeight="407"/>
	<SubTexture name="BF idle RIGHT0048" x="0" y="416" width="408" height="407" frameX="0" frameY="0" frameWidth="409" frameHeight="407"/>
	<SubTexture name="BF idle RIGHT0049" x="0" y="416" width="408" height="407" frameX="0" frameY="0" frameWidth="409" frameHeight="407"/>
	<SubTexture name="BF idle RIGHT0050" x="0" y="416" width="408" height="407" frameX="0" frameY="0" frameWidth="409" frameHeight="407"/>
	<SubTexture name="BF idle RIGHT0051" x="0" y="416" width="408" height="407" frameX="0" frameY="0" frameWidth="409" frameHeight="407"/>
	<SubTexture name="BF idle RIGHT0052" x="0" y="416" width="408" height="407" frameX="0" frameY="0" frameWidth="409" frameHeight="407"/>
	<SubTexture name="BF idle RIGHT0053" x="0" y="416" width="408" height="407" frameX="0" frameY="0" frameWidth="409" frameHeight="407"/>
	<SubTexture name="BF idle RIGHT0054" x="0" y="416" width="408" height="407" frameX="0" frameY="0" frameWidth="409" frameHeight="407"/>
	<SubTexture name="BF idle RIGHT0055" x="0" y="416" width="408" height="407" frameX="0" frameY="0" frameWidth="409" frameHeight="407"/>
	<SubTexture name="BF idle RIGHT0056" x="0" y="416" width="408" height="407" frameX="0" frameY="0" frameWidth="409" frameHeight="407"/>
	<SubTexture name="BF idle RIGHT0057" x="0" y="416" width="408" height="407" frameX="0" frameY="0" frameWidth="409" frameHeight="407"/>
	<SubTexture name="BF idle RIGHT0058" x="0" y="416" width="408" height="407" frameX="0" frameY="0" frameWidth="409" frameHeight="407"/>
	<SubTexture name="BF idle RIGHT0059" x="0" y="416" width="408" height="407" frameX="0" frameY="0" frameWidth="409" frameHeight="407"/>
	<SubTexture name="BF idle RIGHT0060" x="0" y="416" width="408" height="407" frameX="0" frameY="0" frameWidth="409" frameHeight="407"/>
	<SubTexture name="BF idle RIGHT0061" x="0" y="416" width="408" height="407" frameX="0" frameY="0" frameWidth="409" frameHeight="407"/>
	<SubTexture name="BF idle RIGHT MISS0000" x="3480" y="0" width="408" height="405" frameX="-7" frameY="-30" frameWidth="409" frameHeight="407"/>
	<SubTexture name="BF idle RIGHT MISS0001" x="408" y="416" width="395" height="432" frameX="0" frameY="0" frameWidth="415" frameHeight="435"/>
	<SubTexture name="BF idle RIGHT MISS0002" x="408" y="416" width="395" height="432" frameX="0" frameY="0" frameWidth="415" frameHeight="435"/>
	<SubTexture name="BF idle RIGHT MISS0003" x="803" y="416" width="400" height="432" frameX="-1" frameY="0" frameWidth="415" frameHeight="435"/>
	<SubTexture name="BF idle RIGHT MISS0004" x="803" y="416" width="400" height="432" frameX="-1" frameY="0" frameWidth="415" frameHeight="435"/>
	<SubTexture name="BF idle RIGHT MISS0005" x="803" y="416" width="400" height="432" frameX="-1" frameY="0" frameWidth="415" frameHeight="435"/>
	<SubTexture name="BF idle RIGHT MISS0006" x="803" y="416" width="400" height="432" frameX="-1" frameY="0" frameWidth="415" frameHeight="435"/>
	<SubTexture name="BF idle RIGHT MISS0007" x="803" y="416" width="400" height="432" frameX="-1" frameY="0" frameWidth="415" frameHeight="435"/>
	<SubTexture name="BF idle RIGHT MISS0008" x="803" y="416" width="400" height="432" frameX="-1" frameY="0" frameWidth="415" frameHeight="435"/>
	<SubTexture name="BF idle RIGHT MISS0009" x="803" y="416" width="400" height="432" frameX="-1" frameY="0" frameWidth="415" frameHeight="435"/>
	<SubTexture name="BF idle RIGHT MISS0010" x="803" y="416" width="400" height="432" frameX="-1" frameY="0" frameWidth="415" frameHeight="435"/>
	<SubTexture name="BF idle RIGHT MISS0011" x="803" y="416" width="400" height="432" frameX="-1" frameY="0" frameWidth="415" frameHeight="435"/>
	<SubTexture name="BF idle RIGHT MISS0012" x="803" y="416" width="400" height="432" frameX="-1" frameY="0" frameWidth="415" frameHeight="435"/>
	<SubTexture name="BF idle RIGHT MISS0013" x="803" y="416" width="400" height="432" frameX="-1" frameY="0" frameWidth="415" frameHeight="435"/>
	<SubTexture name="BF idle RIGHT MISS0014" x="803" y="416" width="400" height="432" frameX="-1" frameY="0" frameWidth="415" frameHeight="435"/>
	<SubTexture name="BF idle RIGHT MISS0015" x="803" y="416" width="400" height="432" frameX="-1" frameY="0" frameWidth="415" frameHeight="435"/>
	<SubTexture name="BF idle RIGHT MISS0016" x="803" y="416" width="400" height="432" frameX="-1" frameY="0" frameWidth="415" frameHeight="435"/>
	<SubTexture name="BF idle RIGHT MISS0017" x="803" y="416" width="400" height="432" frameX="-1" frameY="0" frameWidth="415" frameHeight="435"/>
	<SubTexture name="BF idle RIGHT MISS0018" x="803" y="416" width="400" height="432" frameX="-1" frameY="0" frameWidth="415" frameHeight="435"/>
	<SubTexture name="BF idle RIGHT MISS0019" x="803" y="416" width="400" height="432" frameX="-1" frameY="0" frameWidth="415" frameHeight="435"/>
	<SubTexture name="BF idle RIGHT MISS0020" x="803" y="416" width="400" height="432" frameX="-1" frameY="0" frameWidth="415" frameHeight="435"/>
	<SubTexture name="BF idle RIGHT MISS0021" x="803" y="416" width="400" height="432" frameX="-1" frameY="0" frameWidth="415" frameHeight="435"/>
	<SubTexture name="BF idle RIGHT MISS0022" x="803" y="416" width="400" height="432" frameX="-1" frameY="0" frameWidth="415" frameHeight="435"/>
	<SubTexture name="BF idle RIGHT MISS0023" x="803" y="416" width="400" height="432" frameX="-1" frameY="0" frameWidth="415" frameHeight="435"/>
	<SubTexture name="BF idle RIGHT MISS0024" x="803" y="416" width="400" height="432" frameX="-1" frameY="0" frameWidth="415" frameHeight="435"/>
	<SubTexture name="BF idle RIGHT MISS0025" x="803" y="416" width="400" height="432" frameX="-1" frameY="0" frameWidth="415" frameHeight="435"/>
	<SubTexture name="BF idle RIGHT MISS0026" x="803" y="416" width="400" height="432" frameX="-1" frameY="0" frameWidth="415" frameHeight="435"/>
	<SubTexture name="BF idle RIGHT MISS0027" x="803" y="416" width="400" height="432" frameX="-1" frameY="0" frameWidth="415" frameHeight="435"/>
	<SubTexture name="BF idle RIGHT MISS0028" x="803" y="416" width="400" height="432" frameX="-1" frameY="0" frameWidth="415" frameHeight="435"/>
	<SubTexture name="BF idle RIGHT MISS0029" x="803" y="416" width="400" height="432" frameX="-1" frameY="0" frameWidth="415" frameHeight="435"/>
	<SubTexture name="BF idle RIGHT MISS0030" x="803" y="416" width="400" height="432" frameX="-1" frameY="0" frameWidth="415" frameHeight="435"/>
	<SubTexture name="BF idle RIGHT MISS0031" x="803" y="416" width="400" height="432" frameX="-1" frameY="0" frameWidth="415" frameHeight="435"/>
	<SubTexture name="BF idle RIGHT MISS0032" x="803" y="416" width="400" height="432" frameX="-1" frameY="0" frameWidth="415" frameHeight="435"/>
	<SubTexture name="BF idle RIGHT MISS0033" x="803" y="416" width="400" height="432" frameX="-1" frameY="0" frameWidth="415" frameHeight="435"/>
	<SubTexture name="BF idle RIGHT MISS0034" x="803" y="416" width="400" height="432" frameX="-1" frameY="0" frameWidth="415" frameHeight="435"/>
	<SubTexture name="BF idle RIGHT MISS0035" x="803" y="416" width="400" height="432" frameX="-1" frameY="0" frameWidth="415" frameHeight="435"/>
	<SubTexture name="BF idle RIGHT MISS0036" x="803" y="416" width="400" height="432" frameX="-1" frameY="0" frameWidth="415" frameHeight="435"/>
	<SubTexture name="BF idle RIGHT MISS0037" x="803" y="416" width="400" height="432" frameX="-1" frameY="0" frameWidth="415" frameHeight="435"/>
	<SubTexture name="BF idle RIGHT MISS0038" x="803" y="416" width="400" height="432" frameX="-1" frameY="0" frameWidth="415" frameHeight="435"/>
	<SubTexture name="BF idle RIGHT MISS0039" x="803" y="416" width="400" height="432" frameX="-1" frameY="0" frameWidth="415" frameHeight="435"/>
	<SubTexture name="BF idle RIGHT MISS0040" x="803" y="416" width="400" height="432" frameX="-1" frameY="0" frameWidth="415" frameHeight="435"/>
	<SubTexture name="BF idle RIGHT MISS0041" x="803" y="416" width="400" height="432" frameX="-1" frameY="0" frameWidth="415" frameHeight="435"/>
	<SubTexture name="BF idle RIGHT MISS0042" x="803" y="416" width="400" height="432" frameX="-1" frameY="0" frameWidth="415" frameHeight="435"/>
	<SubTexture name="BF idle RIGHT MISS0043" x="803" y="416" width="400" height="432" frameX="-1" frameY="0" frameWidth="415" frameHeight="435"/>
	<SubTexture name="BF idle RIGHT MISS0044" x="803" y="416" width="400" height="432" frameX="-1" frameY="0" frameWidth="415" frameHeight="435"/>
	<SubTexture name="BF idle RIGHT MISS0045" x="803" y="416" width="400" height="432" frameX="-1" frameY="0" frameWidth="415" frameHeight="435"/>
	<SubTexture name="BF idle UP0000" x="1203" y="416" width="369" height="446" frameX="-5" frameY="0" frameWidth="376" frameHeight="446"/>
	<SubTexture name="BF idle UP0001" x="1203" y="416" width="369" height="446" frameX="-5" frameY="0" frameWidth="376" frameHeight="446"/>
	<SubTexture name="BF idle UP0002" x="1572" y="416" width="376" height="441" frameX="0" frameY="-5" frameWidth="376" frameHeight="446"/>
	<SubTexture name="BF idle UP0003" x="1572" y="416" width="376" height="441" frameX="0" frameY="-5" frameWidth="376" frameHeight="446"/>
	<SubTexture name="BF idle UP0004" x="1572" y="416" width="376" height="441" frameX="0" frameY="-5" frameWidth="376" frameHeight="446"/>
	<SubTexture name="BF idle UP0005" x="1572" y="416" width="376" height="441" frameX="0" frameY="-5" frameWidth="376" frameHeight="446"/>
	<SubTexture name="BF idle UP0006" x="1572" y="416" width="376" height="441" frameX="0" frameY="-5" frameWidth="376" frameHeight="446"/>
	<SubTexture name="BF idle UP0007" x="1572" y="416" width="376" height="441" frameX="0" frameY="-5" frameWidth="376" frameHeight="446"/>
	<SubTexture name="BF idle UP0008" x="1572" y="416" width="376" height="441" frameX="0" frameY="-5" frameWidth="376" frameHeight="446"/>
	<SubTexture name="BF idle UP0009" x="1572" y="416" width="376" height="441" frameX="0" frameY="-5" frameWidth="376" frameHeight="446"/>
	<SubTexture name="BF idle UP0010" x="1572" y="416" width="376" height="441" frameX="0" frameY="-5" frameWidth="376" frameHeight="446"/>
	<SubTexture name="BF idle UP0011" x="1572" y="416" width="376" height="441" frameX="0" frameY="-5" frameWidth="376" frameHeight="446"/>
	<SubTexture name="BF idle UP0012" x="1572" y="416" width="376" height="441" frameX="0" frameY="-5" frameWidth="376" frameHeight="446"/>
	<SubTexture name="BF idle UP0013" x="1572" y="416" width="376" height="441" frameX="0" frameY="-5" frameWidth="376" frameHeight="446"/>
	<SubTexture name="BF idle UP0014" x="1572" y="416" width="376" height="441" frameX="0" frameY="-5" frameWidth="376" frameHeight="446"/>
	<SubTexture name="BF idle UP MISS0000" x="1203" y="416" width="369" height="446" frameX="-9" frameY="0" frameWidth="376" frameHeight="446"/>
	<SubTexture name="BF idle UP MISS0001" x="1948" y="416" width="360" height="427" frameX="0" frameY="-13" frameWidth="378" frameHeight="446"/>
	<SubTexture name="BF idle UP MISS0002" x="1948" y="416" width="360" height="427" frameX="0" frameY="-13" frameWidth="378" frameHeight="446"/>
	<SubTexture name="BF idle UP MISS0003" x="2308" y="416" width="357" height="430" frameX="-1" frameY="-10" frameWidth="378" frameHeight="446"/>
	<SubTexture name="BF idle UP MISS0004" x="2308" y="416" width="357" height="430" frameX="-1" frameY="-10" frameWidth="378" frameHeight="446"/>
	<SubTexture name="BF idle UP MISS0005" x="2308" y="416" width="357" height="430" frameX="-1" frameY="-10" frameWidth="378" frameHeight="446"/>
	<SubTexture name="BF idle UP MISS0006" x="2308" y="416" width="357" height="430" frameX="-1" frameY="-10" frameWidth="378" frameHeight="446"/>
	<SubTexture name="BF idle UP MISS0007" x="2308" y="416" width="357" height="430" frameX="-1" frameY="-10" frameWidth="378" frameHeight="446"/>
	<SubTexture name="BF idle UP MISS0008" x="2308" y="416" width="357" height="430" frameX="-1" frameY="-10" frameWidth="378" frameHeight="446"/>
	<SubTexture name="BF idle UP MISS0009" x="2308" y="416" width="357" height="430" frameX="-1" frameY="-10" frameWidth="378" frameHeight="446"/>
	<SubTexture name="BF idle UP MISS0010" x="2308" y="416" width="357" height="430" frameX="-1" frameY="-10" frameWidth="378" frameHeight="446"/>
	<SubTexture name="BF idle UP MISS0011" x="2308" y="416" width="357" height="430" frameX="-1" frameY="-10" frameWidth="378" frameHeight="446"/>
	<SubTexture name="BF idle UP MISS0012" x="2308" y="416" width="357" height="430" frameX="-1" frameY="-10" frameWidth="378" frameHeight="446"/>
	<SubTexture name="BF idle UP MISS0013" x="2308" y="416" width="357" height="430" frameX="-1" frameY="-10" frameWidth="378" frameHeight="446"/>
	<SubTexture name="BF idle UP MISS0014" x="2308" y="416" width="357" height="430" frameX="-1" frameY="-10" frameWidth="378" frameHeight="446"/>
	<SubTexture name="BF idle UP MISS0015" x="2308" y="416" width="357" height="430" frameX="-1" frameY="-10" frameWidth="378" frameHeight="446"/>
	<SubTexture name="BF idle UP MISS0016" x="2308" y="416" width="357" height="430" frameX="-1" frameY="-10" frameWidth="378" frameHeight="446"/>
	<SubTexture name="BF idle UP MISS0017" x="2308" y="416" width="357" height="430" frameX="-1" frameY="-10" frameWidth="378" frameHeight="446"/>
	<SubTexture name="BF idle UP MISS0018" x="2308" y="416" width="357" height="430" frameX="-1" frameY="-10" frameWidth="378" frameHeight="446"/>
	<SubTexture name="BF idle UP MISS0019" x="2308" y="416" width="357" height="430" frameX="-1" frameY="-10" frameWidth="378" frameHeight="446"/>
	<SubTexture name="BF idle UP MISS0020" x="2308" y="416" width="357" height="430" frameX="-1" frameY="-10" frameWidth="378" frameHeight="446"/>
	<SubTexture name="BF idle UP MISS0021" x="2308" y="416" width="357" height="430" frameX="-1" frameY="-10" frameWidth="378" frameHeight="446"/>
	<SubTexture name="BF idle UP MISS0022" x="2308" y="416" width="357" height="430" frameX="-1" frameY="-10" frameWidth="378" frameHeight="446"/>
	<SubTexture name="BF idle UP MISS0023" x="2308" y="416" width="357" height="430" frameX="-1" frameY="-10" frameWidth="378" frameHeight="446"/>
	<SubTexture name="BF idle attack0000" x="2665" y="416" width="697" height="597" frameX="0" frameY="-87" frameWidth="708" frameHeight="685"/>
	<SubTexture name="BF idle attack0001" x="2665" y="416" width="697" height="597" frameX="0" frameY="-87" frameWidth="708" frameHeight="685"/>
	<SubTexture name="BF idle attack0002" x="3362" y="416" width="603" height="660" frameX="-102" frameY="-24" frameWidth="708" frameHeight="685"/>
	<SubTexture name="BF idle attack0003" x="3362" y="416" width="603" height="660" frameX="-102" frameY="-24" frameWidth="708" frameHeight="685"/>
	<SubTexture name="BF idle attack0004" x="0" y="1076" width="444" height="684" frameX="-263" frameY="0" frameWidth="708" frameHeight="685"/>
	<SubTexture name="BF idle attack0005" x="0" y="1076" width="444" height="684" frameX="-263" frameY="0" frameWidth="708" frameHeight="685"/>
	<SubTexture name="BF idle attack0006" x="444" y="1076" width="501" height="630" frameX="-207" frameY="-55" frameWidth="708" frameHeight="685"/>
	<SubTexture name="BF idle dance0000" x="945" y="1076" width="406" height="392" frameX="-1" frameY="-20" frameWidth="411" frameHeight="412"/>
	<SubTexture name="BF idle dance0001" x="945" y="1076" width="406" height="392" frameX="-1" frameY="-20" frameWidth="411" frameHeight="412"/>
	<SubTexture name="BF idle dance0002" x="1351" y="1076" width="408" height="393" frameX="0" frameY="-19" frameWidth="411" frameHeight="412"/>
	<SubTexture name="BF idle dance0003" x="1351" y="1076" width="408" height="393" frameX="0" frameY="-19" frameWidth="411" frameHeight="412"/>
	<SubTexture name="BF idle dance0004" x="1759" y="1076" width="405" height="398" frameX="-3" frameY="-14" frameWidth="411" frameHeight="412"/>
	<SubTexture name="BF idle dance0005" x="1759" y="1076" width="405" height="398" frameX="-3" frameY="-14" frameWidth="411" frameHeight="412"/>
	<SubTexture name="BF idle dance0006" x="2164" y="1076" width="410" height="411" frameX="-1" frameY="-1" frameWidth="411" frameHeight="412"/>
	<SubTexture name="BF idle dance0007" x="2164" y="1076" width="410" height="411" frameX="-1" frameY="-1" frameWidth="411" frameHeight="412"/>
	<SubTexture name="BF idle dance0008" x="2574" y="1076" width="408" height="412" frameX="-2" frameY="0" frameWidth="411" frameHeight="412"/>
	<SubTexture name="BF idle dance0009" x="2574" y="1076" width="408" height="412" frameX="-2" frameY="0" frameWidth="411" frameHeight="412"/>
	<SubTexture name="BF idle dance0010" x="2574" y="1076" width="408" height="412" frameX="-2" frameY="0" frameWidth="411" frameHeight="412"/>
	<SubTexture name="BF idle dance0011" x="2574" y="1076" width="408" height="412" frameX="-2" frameY="0" frameWidth="411" frameHeight="412"/>
	<SubTexture name="BF idle dance0012" x="2574" y="1076" width="408" height="412" frameX="-2" frameY="0" frameWidth="411" frameHeight="412"/>
	<SubTexture name="BF idle dance0013" x="2574" y="1076" width="408" height="412" frameX="-2" frameY="0" frameWidth="411" frameHeight="412"/>
	<SubTexture name="BF idle dodge0000" x="2982" y="1076" width="375" height="404" frameX="-3" frameY="0" frameWidth="380" frameHeight="404"/>
	<SubTexture name="BF idle dodge0001" x="3357" y="1076" width="375" height="404" frameX="-3" frameY="0" frameWidth="380" frameHeight="404"/>
	<SubTexture name="BF idle dodge0002" x="0" y="1760" width="380" height="403" frameX="0" frameY="-1" frameWidth="380" frameHeight="404"/>
	<SubTexture name="BF idle dodge0003" x="380" y="1760" width="380" height="403" frameX="0" frameY="-1" frameWidth="380" frameHeight="404"/>
	<SubTexture name="BF idle dodge0004" x="760" y="1760" width="380" height="403" frameX="0" frameY="-1" frameWidth="380" frameHeight="404"/>
	<SubTexture name="BF idle dodge0005" x="0" y="1760" width="380" height="403" frameX="0" frameY="-1" frameWidth="380" frameHeight="404"/>
	<SubTexture name="BF idle dodge0006" x="380" y="1760" width="380" height="403" frameX="0" frameY="-1" frameWidth="380" frameHeight="404"/>
	<SubTexture name="BF idle dodge0007" x="760" y="1760" width="380" height="403" frameX="0" frameY="-1" frameWidth="380" frameHeight="404"/>
	<SubTexture name="BF idle dodge0008" x="0" y="1760" width="380" height="403" frameX="0" frameY="-1" frameWidth="380" frameHeight="404"/>
	<SubTexture name="BF idle dodge0009" x="380" y="1760" width="380" height="403" frameX="0" frameY="-1" frameWidth="380" frameHeight="404"/>
	<SubTexture name="BF idle dodge0010" x="760" y="1760" width="380" height="403" frameX="0" frameY="-1" frameWidth="380" frameHeight="404"/>
	<SubTexture name="BF idle dodge0011" x="0" y="1760" width="380" height="403" frameX="0" frameY="-1" frameWidth="380" frameHeight="404"/>
	<SubTexture name="BF idle dodge0012" x="380" y="1760" width="380" height="403" frameX="0" frameY="-1" frameWidth="380" frameHeight="404"/>
	<SubTexture name="BF idle dodge0013" x="760" y="1760" width="380" height="403" frameX="0" frameY="-1" frameWidth="380" frameHeight="404"/>
	<SubTexture name="BF idle dodge0014" x="0" y="1760" width="380" height="403" frameX="0" frameY="-1" frameWidth="380" frameHeight="404"/>
	<SubTexture name="BF idle hit0000" x="1140" y="1760" width="429" height="425" frameX="0" frameY="-16" frameWidth="451" frameHeight="441"/>
	<SubTexture name="BF idle hit0001" x="1569" y="1760" width="418" height="441" frameX="-4" frameY="0" frameWidth="451" frameHeight="441"/>
	<SubTexture name="BF idle hit0002" x="1987" y="1760" width="392" height="393" frameX="-59" frameY="-38" frameWidth="451" frameHeight="441"/>
	<SubTexture name="BF idle hit0003" x="2379" y="1760" width="392" height="393" frameX="-59" frameY="-38" frameWidth="451" frameHeight="441"/>
	<SubTexture name="BF idle hit0004" x="2771" y="1760" width="378" height="392" frameX="-58" frameY="-39" frameWidth="451" frameHeight="441"/>
	<SubTexture name="BF idle hit0005" x="3149" y="1760" width="378" height="392" frameX="-58" frameY="-39" frameWidth="451" frameHeight="441"/>
	<SubTexture name="BF idle hit0006" x="3527" y="1760" width="392" height="392" frameX="-47" frameY="-39" frameWidth="451" frameHeight="441"/>
	<SubTexture name="BF idle hit0007" x="0" y="2201" width="392" height="392" frameX="-47" frameY="-39" frameWidth="451" frameHeight="441"/>
	<SubTexture name="BF idle hit0008" x="3527" y="1760" width="392" height="392" frameX="-47" frameY="-39" frameWidth="451" frameHeight="441"/>
	<SubTexture name="BF idle hit0009" x="0" y="2201" width="392" height="392" frameX="-47" frameY="-39" frameWidth="451" frameHeight="441"/>
	<SubTexture name="BF idle hit0010" x="3527" y="1760" width="392" height="392" frameX="-47" frameY="-39" frameWidth="451" frameHeight="441"/>
	<SubTexture name="BF idle hit0011" x="0" y="2201" width="392" height="392" frameX="-47" frameY="-39" frameWidth="451" frameHeight="441"/>
	<SubTexture name="BF idle hit0012" x="3527" y="1760" width="392" height="392" frameX="-47" frameY="-39" frameWidth="451" frameHeight="441"/>
	<SubTexture name="BF idle hit0013" x="0" y="2201" width="392" height="392" frameX="-47" frameY="-39" frameWidth="451" frameHeight="441"/>
	<SubTexture name="BF idle hit0014" x="3527" y="1760" width="392" height="392" frameX="-47" frameY="-39" frameWidth="451" frameHeight="441"/>
	<SubTexture name="BF idle hit0015" x="0" y="2201" width="392" height="392" frameX="-47" frameY="-39" frameWidth="451" frameHeight="441"/>
	<SubTexture name="BF idle hit0016" x="3527" y="1760" width="392" height="392" frameX="-47" frameY="-39" frameWidth="451" frameHeight="441"/>
	<SubTexture name="BF idle hit0017" x="0" y="2201" width="392" height="392" frameX="-47" frameY="-39" frameWidth="451" frameHeight="441"/>
	<SubTexture name="BF idle hit0018" x="3527" y="1760" width="392" height="392" frameX="-47" frameY="-39" frameWidth="451" frameHeight="441"/>
	<SubTexture name="BF idle oh!0000" x="392" y="2201" width="501" height="630" frameX="0" frameY="0" frameWidth="501" frameHeight="631"/>
	<SubTexture name="BF idle oh!0001" x="392" y="2201" width="501" height="630" frameX="0" frameY="0" frameWidth="501" frameHeight="631"/>
	<SubTexture name="BF idle oh!0002" x="893" y="2201" width="467" height="539" frameX="-13" frameY="-92" frameWidth="501" frameHeight="631"/>
	<SubTexture name="BF idle oh!0003" x="1360" y="2201" width="464" height="539" frameX="-13" frameY="-92" frameWidth="501" frameHeight="631"/>
	<SubTexture name="BF idle oh!0004" x="1824" y="2201" width="438" height="420" frameX="-49" frameY="-210" frameWidth="501" frameHeight="631"/>
	<SubTexture name="BF idle oh!0005" x="1824" y="2201" width="438" height="420" frameX="-49" frameY="-210" frameWidth="501" frameHeight="631"/>
	<SubTexture name="BF idle oh!0006" x="2262" y="2201" width="367" height="376" frameX="-117" frameY="-254" frameWidth="501" frameHeight="631"/>
	<SubTexture name="BF idle oh!0007" x="2262" y="2201" width="367" height="376" frameX="-117" frameY="-254" frameWidth="501" frameHeight="631"/>
	<SubTexture name="BF idle oh!0008" x="2629" y="2201" width="364" height="418" frameX="-117" frameY="-212" frameWidth="501" frameHeight="631"/>
	<SubTexture name="BF idle oh!0009" x="2629" y="2201" width="364" height="418" frameX="-117" frameY="-212" frameWidth="501" frameHeight="631"/>
	<SubTexture name="BF idle oh!0010" x="2993" y="2201" width="366" height="421" frameX="-116" frameY="-209" frameWidth="501" frameHeight="631"/>
	<SubTexture name="BF idle oh!0011" x="3359" y="2201" width="366" height="421" frameX="-116" frameY="-209" frameWidth="501" frameHeight="631"/>
	<SubTexture name="BF idle oh!0012" x="3725" y="2201" width="366" height="421" frameX="-116" frameY="-209" frameWidth="501" frameHeight="631"/>
	<SubTexture name="BF idle oh!0013" x="0" y="2831" width="366" height="421" frameX="-116" frameY="-209" frameWidth="501" frameHeight="631"/>
	<SubTexture name="BF idle oh!0014" x="0" y="2831" width="366" height="421" frameX="-116" frameY="-209" frameWidth="501" frameHeight="631"/>
	<SubTexture name="BF idle oh!0015" x="366" y="2831" width="369" height="422" frameX="-115" frameY="-208" frameWidth="501" frameHeight="631"/>
	<SubTexture name="BF idle oh!0016" x="366" y="2831" width="369" height="422" frameX="-115" frameY="-208" frameWidth="501" frameHeight="631"/>
	<SubTexture name="BF idle oh!0017" x="735" y="2831" width="394" height="422" frameX="-91" frameY="-208" frameWidth="501" frameHeight="631"/>
	<SubTexture name="BF idle oh!0018" x="735" y="2831" width="394" height="422" frameX="-91" frameY="-208" frameWidth="501" frameHeight="631"/>
	<SubTexture name="BF idle oh!0019" x="1129" y="2831" width="397" height="422" frameX="-88" frameY="-208" frameWidth="501" frameHeight="631"/>
	<SubTexture name="BF idle oh!0020" x="1129" y="2831" width="397" height="422" frameX="-88" frameY="-208" frameWidth="501" frameHeight="631"/>
	<SubTexture name="BF idle oh!0021" x="1526" y="2831" width="390" height="422" frameX="-95" frameY="-208" frameWidth="501" frameHeight="631"/>
	<SubTexture name="BF idle oh!0022" x="1526" y="2831" width="390" height="422" frameX="-95" frameY="-208" frameWidth="501" frameHeight="631"/>
	<SubTexture name="BF idle oh!0023" x="1916" y="2831" width="394" height="420" frameX="-92" frameY="-209" frameWidth="501" frameHeight="631"/>
	<SubTexture name="BF idle oh!0024" x="1916" y="2831" width="394" height="420" frameX="-92" frameY="-209" frameWidth="501" frameHeight="631"/>
	<SubTexture name="BF idle shaking0000" x="2310" y="2831" width="408" height="412" frameX="-1" frameY="-1" frameWidth="410" frameHeight="413"/>
	<SubTexture name="BF idle shaking0001" x="2718" y="2831" width="408" height="412" frameX="-2" frameY="-1" frameWidth="410" frameHeight="413"/>
	<SubTexture name="BF idle shaking0002" x="3126" y="2831" width="408" height="413" frameX="-1" frameY="0" frameWidth="410" frameHeight="413"/>
	<SubTexture name="BF idle shaking0003" x="3534" y="2831" width="410" height="413"/>
	<SubTexture name="BF idleLEFT MISS0000" x="0" y="3253" width="383" height="406" frameX="0" frameY="-26" frameWidth="384" frameHeight="432"/>
	<SubTexture name="BF idleLEFT MISS0001" x="383" y="3253" width="369" height="430" frameX="-15" frameY="0" frameWidth="384" frameHeight="432"/>
	<SubTexture name="BF idleLEFT MISS0002" x="383" y="3253" width="369" height="430" frameX="-15" frameY="0" frameWidth="384" frameHeight="432"/>
	<SubTexture name="BF idleLEFT MISS0003" x="752" y="3253" width="370" height="430" frameX="-13" frameY="0" frameWidth="384" frameHeight="432"/>
	<SubTexture name="BF idleLEFT MISS0004" x="752" y="3253" width="370" height="430" frameX="-13" frameY="0" frameWidth="384" frameHeight="432"/>
	<SubTexture name="BF idleLEFT MISS0005" x="752" y="3253" width="370" height="430" frameX="-13" frameY="0" frameWidth="384" frameHeight="432"/>
	<SubTexture name="BF idleLEFT MISS0006" x="752" y="3253" width="370" height="430" frameX="-13" frameY="0" frameWidth="384" frameHeight="432"/>
	<SubTexture name="BF idleLEFT MISS0007" x="752" y="3253" width="370" height="430" frameX="-13" frameY="0" frameWidth="384" frameHeight="432"/>
	<SubTexture name="BF idleLEFT MISS0008" x="752" y="3253" width="370" height="430" frameX="-13" frameY="0" frameWidth="384" frameHeight="432"/>
	<SubTexture name="BF idleLEFT MISS0009" x="752" y="3253" width="370" height="430" frameX="-13" frameY="0" frameWidth="384" frameHeight="432"/>
	<SubTexture name="BF idleLEFT MISS0010" x="752" y="3253" width="370" height="430" frameX="-13" frameY="0" frameWidth="384" frameHeight="432"/>
	<SubTexture name="BF idleLEFT MISS0011" x="752" y="3253" width="370" height="430" frameX="-13" frameY="0" frameWidth="384" frameHeight="432"/>
	<SubTexture name="BF idleLEFT MISS0012" x="752" y="3253" width="370" height="430" frameX="-13" frameY="0" frameWidth="384" frameHeight="432"/>
	<SubTexture name="BF idleLEFT MISS0013" x="752" y="3253" width="370" height="430" frameX="-13" frameY="0" frameWidth="384" frameHeight="432"/>
	<SubTexture name="BF idleLEFT MISS0014" x="752" y="3253" width="370" height="430" frameX="-13" frameY="0" frameWidth="384" frameHeight="432"/>
	<SubTexture name="BF idleLEFT MISS0015" x="752" y="3253" width="370" height="430" frameX="-13" frameY="0" frameWidth="384" frameHeight="432"/>
	<SubTexture name="BF idleLEFT MISS0016" x="752" y="3253" width="370" height="430" frameX="-13" frameY="0" frameWidth="384" frameHeight="432"/>
	<SubTexture name="BF idleLEFT MISS0017" x="752" y="3253" width="370" height="430" frameX="-13" frameY="0" frameWidth="384" frameHeight="432"/>
	<SubTexture name="BF idleLEFT MISS0018" x="752" y="3253" width="370" height="430" frameX="-13" frameY="0" frameWidth="384" frameHeight="432"/>
	<SubTexture name="BF idleLEFT MISS0019" x="752" y="3253" width="370" height="430" frameX="-13" frameY="0" frameWidth="384" frameHeight="432"/>
	<SubTexture name="BF idleLEFT MISS0020" x="752" y="3253" width="370" height="430" frameX="-13" frameY="0" frameWidth="384" frameHeight="432"/>
	<SubTexture name="BF idleLEFT MISS0021" x="752" y="3253" width="370" height="430" frameX="-13" frameY="0" frameWidth="384" frameHeight="432"/>
	<SubTexture name="BF idleLEFT MISS0022" x="752" y="3253" width="370" height="430" frameX="-13" frameY="0" frameWidth="384" frameHeight="432"/>
	<SubTexture name="BF idleLEFT MISS0023" x="752" y="3253" width="370" height="430" frameX="-13" frameY="0" frameWidth="384" frameHeight="432"/>
	<SubTexture name="BF idleLEFT MISS0024" x="752" y="3253" width="370" height="430" frameX="-13" frameY="0" frameWidth="384" frameHeight="432"/>
	<SubTexture name="BF idleLEFT MISS0025" x="752" y="3253" width="370" height="430" frameX="-13" frameY="0" frameWidth="384" frameHeight="432"/>
	<SubTexture name="BF idleLEFT MISS0026" x="752" y="3253" width="370" height="430" frameX="-13" frameY="0" frameWidth="384" frameHeight="432"/>
	<SubTexture name="BF idleLEFT MISS0027" x="752" y="3253" width="370" height="430" frameX="-13" frameY="0" frameWidth="384" frameHeight="432"/>
	<SubTexture name="BF idleLEFT MISS0028" x="752" y="3253" width="370" height="430" frameX="-13" frameY="0" frameWidth="384" frameHeight="432"/>
	<SubTexture name="BF idleLEFT MISS0029" x="752" y="3253" width="370" height="430" frameX="-13" frameY="0" frameWidth="384" frameHeight="432"/>
	<SubTexture name="BF idleLEFT MISS0030" x="752" y="3253" width="370" height="430" frameX="-13" frameY="0" frameWidth="384" frameHeight="432"/>
	<SubTexture name="BF idleLEFT MISS0031" x="752" y="3253" width="370" height="430" frameX="-13" frameY="0" frameWidth="384" frameHeight="432"/>
	<SubTexture name="BF idleLEFT MISS0032" x="752" y="3253" width="370" height="430" frameX="-13" frameY="0" frameWidth="384" frameHeight="432"/>
	<SubTexture name="BF idleLEFT MISS0033" x="752" y="3253" width="370" height="430" frameX="-13" frameY="0" frameWidth="384" frameHeight="432"/>
</TextureAtlas>
